Data Source,World Development Indicators,,,,,,,,,,,,,,,,,,,,,,,,,,,,,,,,,,,,,,,,,,,,,,,,,,,,,,,,,,,,,,
,,,,,,,,,,,,,,,,,,,,,,,,,,,,,,,,,,,,,,,,,,,,,,,,,,,,,,,,,,,,,,,
Last Updated Date,20/12/2019,,,,,,,,,,,,,,,,,,,,,,,,,,,,,,,,,,,,,,,,,,,,,,,,,,,,,,,,,,,,,,
,,,,,,,,,,,,,,,,,,,,,,,,,,,,,,,,,,,,,,,,,,,,,,,,,,,,,,,,,,,,,,,
Country Name,Country Code,Indicator Name,Indicator Code,1960,1961,1962,1963,1964,1965,1966,1967,1968,1969,1970,1971,1972,1973,1974,1975,1976,1977,1978,1979,1980,1981,1982,1983,1984,1985,1986,1987,1988,1989,1990,1991,1992,1993,1994,1995,1996,1997,1998,1999,2000,2001,2002,2003,2004,2005,2006,2007,2008,2009,2010,2011,2012,2013,2014,2015,2016,2017,2018,2019
Aruba,ABW,"Literacy rate, adult female (% of females ages 15 and above)",SE.ADT.LITR.FE.ZS,,,,,,,,,,,,,,,,,,,,,,,,,,,,,,,,,,,,,,,,,97.07136,,,,,,,,,,96.71978,,,,,,,,97.81268,
Afghanistan,AFG,"Literacy rate, adult female (% of females ages 15 and above)",SE.ADT.LITR.FE.ZS,,,,,,,,,,,,,,,,,,,,4.987460136,,,,,,,,,,,,,,,,,,,,,,,,,,,,,,,,17.61206,,,,,,,29.80521,
Angola,AGO,"Literacy rate, adult female (% of females ages 15 and above)",SE.ADT.LITR.FE.ZS,,,,,,,,,,,,,,,,,,,,,,,,,,,,,,,,,,,,,,,,,,54.19449,,,,,,,,,,,,,53.40721,,,,,
Albania,ALB,"Literacy rate, adult female (% of females ages 15 and above)",SE.ADT.LITR.FE.ZS,,,,,,,,,,,,,,,,,,,,,,,,,,,,,,,,,,,,,,,,,,98.25227,,,,,,,94.68181,,,95.69148,96.13607,,,,,,97.76112,
Andorra,AND,"Literacy rate, adult female (% of females ages 15 and above)",SE.ADT.LITR.FE.ZS,,,,,,,,,,,,,,,,,,,,,,,,,,,,,,,,,,,,,,,,,,,,,,,,,,,,,,,,,,,,
Arab World,ARB,"Literacy rate, adult female (% of females ages 15 and above)",SE.ADT.LITR.FE.ZS,,,,,,,,,,,,,,,,,,,32.17895889,32.77814102,33.41033936,34.04885864,34.84172821,35.25590897,36.20307922,37.04375076,37.98416138,38.8338089,39.89302826,40.91355896,41.99404907,43.17975998,44.34780121,44.62382889,45.75983047,46.86320114,48.70183182,49.66159821,51.10921097,52.47275162,54.01549911,55.13000107,56.58026886,58.96910095,60.31809998,,60.09125137,60.49969101,61.88325882,60.36513138,61.65536,63.90498,65.32213,65.75614,66.55894,67.14327,66.06826,67.16059,67.22897,
United Arab Emirates,ARE,"Literacy rate, adult female (% of females ages 15 and above)",SE.ADT.LITR.FE.ZS,,,,,,,,,,,,,,,,38.1248703,,,,,,,,,,68.66127777,,,,,,,,,,,,,,,,,,,,91.47475,,,,,,,,,,,,,,
Argentina,ARG,"Literacy rate, adult female (% of females ages 15 and above)",SE.ADT.LITR.FE.ZS,,,,,,,,,,,,,,,,,,,,,93.58088684,,,,,,,,,,,96.04135895,,,,,,,,,,97.19341,,,,,98.51077,,,99.00176,98.92807,98.99984,99.09995,99.09121,98.93282,99.20877,99.1431,,99.06204,
Armenia,ARM,"Literacy rate, adult female (% of females ages 15 and above)",SE.ADT.LITR.FE.ZS,,,,,,,,,,,,,,,,,,,,,,,,,,,,,,98.15013885,,,,,,,,,,,,99.16107,,,,,,,,,,99.69035,,,,,,99.67716,,
American Samoa,ASM,"Literacy rate, adult female (% of females ages 15 and above)",SE.ADT.LITR.FE.ZS,,,,,,,,,,,,,,,,,,,,,97.21990967,,,,,,,,,,,,,,,,,,,,,,,,,,,,,,,,,,,,,,,
Antigua and Barbuda,ATG,"Literacy rate, adult female (% of females ages 15 and above)",SE.ADT.LITR.FE.ZS,,,,,,,,,,,,,,,,,,,,,,,,,,,,,,,,,,,,,,,,,,99.42,,,,,,,,,,99.42,,,,99.42,,,,
Australia,AUS,"Literacy rate, adult female (% of females ages 15 and above)",SE.ADT.LITR.FE.ZS,,,,,,,,,,,,,,,,,,,,,,,,,,,,,,,,,,,,,,,,,,,,,,,,,,,,,,,,,,,,
Austria,AUT,"Literacy rate, adult female (% of females ages 15 and above)",SE.ADT.LITR.FE.ZS,,,,,,,,,,,,,,,,,,,,,,,,,,,,,,,,,,,,,,,,,,,,,,,,,,,,,,,,,,,,
Azerbaijan,AZE,"Literacy rate, adult female (% of females ages 15 and above)",SE.ADT.LITR.FE.ZS,,,,,,,,,,,,,,,,,,,,,,,,,,,,,,,,,,,,,,,,98.1747818,,,,,,,,99.39788,,99.68215,99.69263,99.70496,99.70286,99.71682,99.71966,99.71714,99.71955,99.72199,,
Burundi,BDI,"Literacy rate, adult female (% of females ages 15 and above)",SE.ADT.LITR.FE.ZS,,,,,,,,,,,,,,,,,,,,11.9835701,,,,,,,,,,,27.52930069,,,,,,,,,,52.23776,,,,,,,,43.15719,,,,,,54.66303,,,61.22369,,
Belgium,BEL,"Literacy rate, adult female (% of females ages 15 and above)",SE.ADT.LITR.FE.ZS,,,,,,,,,,,,,,,,,,,,,,,,,,,,,,,,,,,,,,,,,,,,,,,,,,,,,,,,,,,,
Benin,BEN,"Literacy rate, adult female (% of females ages 15 and above)",SE.ADT.LITR.FE.ZS,,,,,,,,,,,,,,,,,,,,9.539079666,,,,,,,,,,,,,16.56524086,,,,,,,,,,23.30014,,,,18.44291,,,,,,22.09388,,,,,,31.07165,
Burkina Faso,BFA,"Literacy rate, adult female (% of females ages 15 and above)",SE.ADT.LITR.FE.ZS,,,,,,,,,,,,,,,,3.182770014,,,,,,,,,,,,,,,,8.225429535,,,,,8.057979584,,,,,,,15.18877,,16.62224,16.29113,21.57957,,,,,,,26.22025,,,,32.68762,
Bangladesh,BGD,"Literacy rate, adult female (% of females ages 15 and above)",SE.ADT.LITR.FE.ZS,,,,,,,,,,,,,,,,,,,,,,17.9716301,,,,,,,,,,25.83897972,,,,,,,,,,40.82335,,,,,,43.74085,,,,55.11944,54.23604,57.789,57.86093,62.25299,69.89721,70.0857,71.18194,
Bulgaria,BGR,"Literacy rate, adult female (% of females ages 15 and above)",SE.ADT.LITR.FE.ZS,,,,,,,,,,,,,,,,,,,,,,,,,,,,,,,,,,,,,,,,,,97.70649,,,,,,,,,,97.9839,,,,,,,,
Bahrain,BHR,"Literacy rate, adult female (% of females ages 15 and above)",SE.ADT.LITR.FE.ZS,,,,,,,,,,,,,,,,,,,,,,58.59109116,,,,,,,,,,76.93231964,,,,,,,,,,83.55742,,,,,,,,,89.01044,,,,,,94.28152,94.70737,94.94888,
"Bahamas, The",BHS,"Literacy rate, adult female (% of females ages 15 and above)",SE.ADT.LITR.FE.ZS,,,,,,,,,,,,,,,,,,,,,,,,,,,,,,,,,,,,,,,,,,,,,,,,,,,,,,,,,,,,
Bosnia and Herzegovina,BIH,"Literacy rate, adult female (% of females ages 15 and above)",SE.ADT.LITR.FE.ZS,,,,,,,,,,,,,,,,,,,,,,,,,,,,,,,,81.9593277,,,,,,,,,94.35994,,,,,,,,,,,96.80371,,94.91049,,,,,,
Belarus,BLR,"Literacy rate, adult female (% of females ages 15 and above)",SE.ADT.LITR.FE.ZS,,,,,,,,,,,,,,,,,,,,,,,,,,,,,,96.6282196,,,,,,,,,,99.41972351,,,,,,,,,,99.49399,,,,,,,,,99.72518,
Belize,BLZ,"Literacy rate, adult female (% of females ages 15 and above)",SE.ADT.LITR.FE.ZS,,,,,,,,,,,,,,,,,,,,,,,,,,,,,,,,70.32839203,,,,,,,,,,,,,,,,,,,,,,,,,,,,
Bermuda,BMU,"Literacy rate, adult female (% of females ages 15 and above)",SE.ADT.LITR.FE.ZS,,,,,,,,,,,,,,,,,,,,,,,,,,,,,,,,,,,,,,,,,,,,,,,,,,,,,,,,,,,,
Bolivia,BOL,"Literacy rate, adult female (% of females ages 15 and above)",SE.ADT.LITR.FE.ZS,,,,,,,,,,,,,,,,,51.37464905,,,,,,,,,,,,,,,,72.31321716,,,,,,,,,80.65438,,,,,,85.98594,86.83175,86.82146,,88.0802,91.87327,,,88.58286,,,,
Brazil,BRA,"Literacy rate, adult female (% of females ages 15 and above)",SE.ADT.LITR.FE.ZS,,,,,,,,,,,,,,,,,,,,,72.85314941,,,,,,,,,,,,,,,,,,,,86.50005,,,,88.80613,,89.85559,90.22801,90.21955,90.41122,90.6817,91.63315,91.6249,91.76496,92.06052,92.34379,93.0212,93.24371,93.42507,
Barbados,BRB,"Literacy rate, adult female (% of females ages 15 and above)",SE.ADT.LITR.FE.ZS,,,,,,,,,,,99.2515564,,,,,,,,,,,,,,99.59999847,,,,,,,,,,99.59999847,,,,,,,,,,99.6,,,,,,,,,,99.6,,,,,
Brunei Darussalam,BRN,"Literacy rate, adult female (% of females ages 15 and above)",SE.ADT.LITR.FE.ZS,,,,,,,,,,,,,,,,,,,,,,68.84182739,,,,,,,,,,82.46135712,,,,,,,,,,90.16155,,,,,,,,,,94.65248,,,,,,,96.30126,
Bhutan,BTN,"Literacy rate, adult female (% of females ages 15 and above)",SE.ADT.LITR.FE.ZS,,,,,,,,,,,,,,,,,,,,,,,,,,,,,,,,,,,,,,,,,,,,,,38.68066,,,,,,,48.01656,,,,,57.08362,,
Botswana,BWA,"Literacy rate, adult female (% of females ages 15 and above)",SE.ADT.LITR.FE.ZS,,,,,,,,,,,,,,,,,,,,,,,,,,,,,,,,71.29924011,,,,,,,,,,,,81.80795,,,,,,,,,,87.45121,88.7,,,,,
Central African Republic,CAF,"Literacy rate, adult female (% of females ages 15 and above)",SE.ADT.LITR.FE.ZS,,,,,,,,,,,,,,,,8.399580002,,,,,,,,,,,,,20.33687973,,,,,,,,,,,,35.2909,,,,,,,,,,24.35549,,,,,,,,25.75638,
Canada,CAN,"Literacy rate, adult female (% of females ages 15 and above)",SE.ADT.LITR.FE.ZS,,,,,,,,,,,,,,,,,,,,,,,,,,,,,,,,,,,,,,,,,,,,,,,,,,,,,,,,,,,,
Central Europe and the Baltics,CEB,"Literacy rate, adult female (% of females ages 15 and above)",SE.ADT.LITR.FE.ZS,,,,,,,,,,,,,,,,,,,,,,,97.04666901,97.08161163,97.13452911,97.17967224,97.21936035,97.27224731,97.14940643,97.23641968,97.32817078,97.40727997,97.48448181,97.55026245,97.62332916,97.69593811,97.76055908,97.82676697,97.96276855,97.90074921,97.9493866,97.99626923,98.05019379,98.08152008,98.12261963,98.16477966,98.18489075,98.2192688,98.27557373,98.54685211,98.57707,98.60511,98.62471,98.64193,98.66187,98.68085,98.70102,,,
Switzerland,CHE,"Literacy rate, adult female (% of females ages 15 and above)",SE.ADT.LITR.FE.ZS,,,,,,,,,,,,,,,,,,,,,,,,,,,,,,,,,,,,,,,,,,,,,,,,,,,,,,,,,,,,
Channel Islands,CHI,"Literacy rate, adult female (% of females ages 15 and above)",SE.ADT.LITR.FE.ZS,,,,,,,,,,,,,,,,,,,,,,,,,,,,,,,,,,,,,,,,,,,,,,,,,,,,,,,,,,,,
Chile,CHL,"Literacy rate, adult female (% of females ages 15 and above)",SE.ADT.LITR.FE.ZS,,,,,,,,,,,,,,,,,,,,,,,90.80011749,,,,,,,,,,94.03671265,,,,,,,,,,95.64093,,,,,,98.69557,98.49128,,96.53071,,96.16175,,96.74396,,96.33402,,
China,CHN,"Literacy rate, adult female (% of females ages 15 and above)",SE.ADT.LITR.FE.ZS,,,,,,,,,,,,,,,,,,,,,,,51.1368103,,,,,,,,68.07208252,,,,,,,,,,86.5266,,,,,,,,,,92.71123,,,,,,,,95.15933,
Cote d'Ivoire,CIV,"Literacy rate, adult female (% of females ages 15 and above)",SE.ADT.LITR.FE.ZS,,,,,,,,,,,,,,,,,,,,,,,,,,,,,23.43378067,,,,,,,,,,28.47666931,,38.61451,,,,,,,,,,,,30.46172,,36.78425,,,,40.49937,
Cameroon,CMR,"Literacy rate, adult female (% of females ages 15 and above)",SE.ADT.LITR.FE.ZS,,,,,,,,,,,,,,,,,29.11613083,,,,,,,,,,,,,,,,,,,,,,,,58.72176,,,,,,,63.02206,,,64.7995,,,,,,,,71.58627,
"Congo, Dem. Rep.",COD,"Literacy rate, adult female (% of females ages 15 and above)",SE.ADT.LITR.FE.ZS,,,,,,,,,,,,,,,,,,,,,,,,,,,,,,,,,,,,,,,,,,54.0609,,,,,,46.10425,,,,,62.91864,,,,66.49998,,,
"Congo, Rep.",COG,"Literacy rate, adult female (% of females ages 15 and above)",SE.ADT.LITR.FE.ZS,,,,,,,,,,,,,,,,,,,,,,,,,,,,,,,,,,,,,,,,,,,,,,,,,,,,72.87706,,,,,,,74.61876,
Colombia,COL,"Literacy rate, adult female (% of females ages 15 and above)",SE.ADT.LITR.FE.ZS,,,,,,,,,,,,,,,,,,,,,,,,,,,,,,,,,,91.14790344,,,91.31400299,,,,,,,,92.71463,92.91125,92.2206,92.84562,93.43537,93.41513,93.48679,93.66713,,,94.48466,94.41582,94.89022,,95.31892,
Comoros,COM,"Literacy rate, adult female (% of females ages 15 and above)",SE.ADT.LITR.FE.ZS,,,,,,,,,,,,,,,,,,,,,40.31761932,,,,,,,,,,,,,,,,,,,,63.45902,,,,,,,,,,,,42.63729,,,,,,52.95639,
Cabo Verde,CPV,"Literacy rate, adult female (% of females ages 15 and above)",SE.ADT.LITR.FE.ZS,,,,,,,,,,,,,,,,,,,,,,,,,,,,,,,52.99861908,,,,,,,,,,,,,,81.46,,,,,,,,80.49622,,,82.04222,,,,
Costa Rica,CRI,"Literacy rate, adult female (% of females ages 15 and above)",SE.ADT.LITR.FE.ZS,,,,,,,,,,,,,,,,,,,,,,,,,92.57713318,,,,,,,,,,,,,,,,95.08079,,,,,,,,,,,97.50041,,,,,,,97.92443,
Caribbean small states,CSS,"Literacy rate, adult female (% of females ages 15 and above)",SE.ADT.LITR.FE.ZS,,,,,,,,,,,,,,,,,,,,,,,,,,,,,,,,,,88.47250366,88.52490234,88.79290009,89.03582001,89.27842712,89.52082062,89.31674957,90.03553009,90.30818176,90.55413818,90.79023743,91.02409363,91.26476288,91.41634369,92.0736084,92.3004837,92.48988342,92.69158,92.84336,92.72686,92.49816,92.63007,92.72926,,,,
Cuba,CUB,"Literacy rate, adult female (% of females ages 15 and above)",SE.ADT.LITR.FE.ZS,,,,,,,,,,,,,,,,,,,,,,,,,,,,,,,,,,,,,,,,,,,99.79092,,,,,,,,,,99.79988,,,,,,,
Curacao,CUW,"Literacy rate, adult female (% of females ages 15 and above)",SE.ADT.LITR.FE.ZS,,,,,,,,,,,,,,,,,,,,,,,,,,,,,,,,,,,,,,,,,,,,,,,,,,,,,,,,,,,,
Cayman Islands,CYM,"Literacy rate, adult female (% of females ages 15 and above)",SE.ADT.LITR.FE.ZS,,,,,,,,,,,,,,,,,,,,,,,,,,,,,,,,,,,,,,,,,,,,,,,,99.02148,,,,,,,,,,,,
Cyprus,CYP,"Literacy rate, adult female (% of females ages 15 and above)",SE.ADT.LITR.FE.ZS,,,,,,,,,,,,,,,,,,,,,,,,,,,,,,,,,91.00177765,,,,,,,,,95.07966,,,,,,,,,,98.11623,,,,,,,,
Czech Republic,CZE,"Literacy rate, adult female (% of females ages 15 and above)",SE.ADT.LITR.FE.ZS,,,,,,,,,,,,,,,,,,,,,,,,,,,,,,,,,,,,,,,,,,,,,,,,,,,,,,,,,,,,
Germany,DEU,"Literacy rate, adult female (% of females ages 15 and above)",SE.ADT.LITR.FE.ZS,,,,,,,,,,,,,,,,,,,,,,,,,,,,,,,,,,,,,,,,,,,,,,,,,,,,,,,,,,,,
Djibouti,DJI,"Literacy rate, adult female (% of females ages 15 and above)",SE.ADT.LITR.FE.ZS,,,,,,,,,,,,,,,,,,,,,,,,,,,,,,,,,,,,,,,,,,,,,,,,,,,,,,,,,,,,
Dominica,DMA,"Literacy rate, adult female (% of females ages 15 and above)",SE.ADT.LITR.FE.ZS,,,,,,,,,,,,,,,,,,,,,,,,,,,,,,,,,,,,,,,,,,,,,,,,,,,,,,,,,,,,
Denmark,DNK,"Literacy rate, adult female (% of females ages 15 and above)",SE.ADT.LITR.FE.ZS,,,,,,,,,,,,,,,,,,,,,,,,,,,,,,,,,,,,,,,,,,,,,,,,,,,,,,,,,,,,
Dominican Republic,DOM,"Literacy rate, adult female (% of females ages 15 and above)",SE.ADT.LITR.FE.ZS,,,,,,,,,,,,,,,,,,,,,,72.53607941,,,,,,,,,,,,,,,,,,,,,87.17709,,,,,88.27717,,,89.6973,90.22557,90.22417,91.25051,92.14779,92.32106,93.76413,,,
Algeria,DZA,"Literacy rate, adult female (% of females ages 15 and above)",SE.ADT.LITR.FE.ZS,,,,,,,,,,,,,,,,,,,,,,,,,,,,35.83992004,,,,,,,,,,,,,,,60.07508,,,,63.91879,,67.54875,,,,,,,,,,75.32297,
East Asia & Pacific (excluding high income),EAP,"Literacy rate, adult female (% of females ages 15 and above)",SE.ADT.LITR.FE.ZS,,,,,,,,,,,,,,,,,50.19227982,50.41722107,51.84527969,53.37300873,54.12490082,56.26372147,57.41719055,59.14049149,60.54111099,61.87778091,63.07649994,64.57295227,70.41165161,71.3949585,71.49925995,73.01477051,73.74211121,74.44548035,75.19863892,75.94463348,76.68308258,84.77906036,85.31461334,85.79768372,86.46479797,86.86302948,87.40998077,87.97663879,88.69574738,89.1933136,89.77979279,91.33390045,91.69554138,92.16635895,92.35005,92.22603,92.52808,92.665,93.26824,93.51076,93.68383,93.9762,94.19083,
Early-demographic dividend,EAR,"Literacy rate, adult female (% of females ages 15 and above)",SE.ADT.LITR.FE.ZS,,,,,,,,,,,,,,,,37.37057877,37.68870163,38.37916946,39.11500931,39.80764008,39.92055893,40.99937057,42.02772141,42.8121109,43.83441925,44.63047028,45.42464828,46.40428925,46.79373932,47.60866928,48.67903137,49.35435867,50.3650589,51.1533699,52.12881088,53.11909866,54.0381813,54.85033035,57.73677826,58.54553986,59.41067123,60.06465912,60.74444962,61.79042816,62.7422905,,63.28126144,64.04295349,65.16970062,66.30297852,68.28954,68.56123,69.18243,69.95042,70.95109,71.7806,72.57241,73.1967,73.60423,
East Asia & Pacific,EAS,"Literacy rate, adult female (% of females ages 15 and above)",SE.ADT.LITR.FE.ZS,,,,,,,,,,,,,,,,,53.07926941,53.33959961,54.65975189,56.07612991,56.75452042,58.77474976,59.79006958,61.35826874,62.64036179,63.86418152,64.95915985,66.37361908,71.59684753,72.5116806,72.62632751,74.0017395,74.66977692,75.31442261,76.0243988,76.72773743,77.42092133,84.65135193,85.16851807,85.6668396,86.32524872,86.69316101,87.23644257,87.81388855,88.53353882,89.04242706,89.62156677,91.04669952,91.44631195,91.89909363,92.02332,91.84783,92.1665,92.30774,92.99652,93.24819,93.41968,93.72257,93.93963,
Europe & Central Asia (excluding high income),ECA,"Literacy rate, adult female (% of females ages 15 and above)",SE.ADT.LITR.FE.ZS,,,,,,,,,,,,,,,,,,,,,,,,90.79290009,91.87573242,92.17269897,92.37744141,92.63262177,92.91947937,93.08228302,93.34919739,93.48832703,93.67149353,93.85411072,94.03611755,94.22141266,94.49765015,94.673172,95.20211029,95.30841827,95.32138062,95.42984772,95.55908966,95.67156219,95.88493347,96.13674927,96.09220123,96.24526978,96.29295349,97.14308929,97.57649,97.94507,98.14114,98.21795,98.26211,98.30531,98.48434,98.4465,98.51828,
Europe & Central Asia,ECS,"Literacy rate, adult female (% of females ages 15 and above)",SE.ADT.LITR.FE.ZS,,,,,,,,,,,,,,,,,,,,,,,,,,,,,,,,,,,94.10710907,94.30454254,94.53935242,94.71923828,95.09609985,95.25991821,95.35257721,95.46933746,95.63828278,95.75760651,95.87819672,95.87978363,96.05719757,96.10015869,96.25911713,96.57601166,96.81904,97.2608,97.40974,97.50628,97.57137,97.63621,97.76784,97.78513,97.88237,
Ecuador,ECU,"Literacy rate, adult female (% of females ages 15 and above)",SE.ADT.LITR.FE.ZS,,,,,,,,,,,,,,,,,,,,,,,80.40522766,,,,,,,,86.19332886,,,,,,,,,,,89.69709,,,,,,90.86557,91.12257,90.91755,90.47011,90.22082,90.95168,92.21808,93.25386,93.25662,93.31453,92.08669,,
"Egypt, Arab Rep.",EGY,"Literacy rate, adult female (% of females ages 15 and above)",SE.ADT.LITR.FE.ZS,,,,,,,,,,,,,,,,,22.43800926,,,,,,,,,,31.39266968,,,,,,,,,,43.59531021,,,,,,,,,,57.81191,,,,63.51581,,65.75666,67.17986,,,,65.50569,,
Euro area,EMU,"Literacy rate, adult female (% of females ages 15 and above)",SE.ADT.LITR.FE.ZS,,,,,,,,,,,,,,,,,,,,,,,,,,,,,,,,,,,,,,,,,,,,,,,,,,,,,,,,,,,,
Eritrea,ERI,"Literacy rate, adult female (% of females ages 15 and above)",SE.ADT.LITR.FE.ZS,,,,,,,,,,,,,,,,,,,,,,,,,,,,,,,,,,,,,,,,,,,40.22442,,,,,,54.80107,,,,,,,,,,68.94619,
Spain,ESP,"Literacy rate, adult female (% of females ages 15 and above)",SE.ADT.LITR.FE.ZS,,,,,,,,,,,,,,,,,,,,,,89.93692017,,,,,,,,,,95.0510025,,,,,,,,,,,,,96.23088,96.92515,,97.26032,96.88684,96.92597,97.0045,97.06557,97.21804,97.44054,97.48735,97.54713,97.69536,,97.97378,
Estonia,EST,"Literacy rate, adult female (% of females ages 15 and above)",SE.ADT.LITR.FE.ZS,,,,,,,,,,,,,,,,,,,,,,,,,,,,,,99.60147858,,,,,,,,,,,99.76006,,,,,,,,,,,99.90948,,,,,,,,
Ethiopia,ETH,"Literacy rate, adult female (% of females ages 15 and above)",SE.ADT.LITR.FE.ZS,,,,,,,,,,,,,,,,,,,,,,,,,,,,,,,,,,,18.51498032,,,,,,,,,,22.8,17.9772,,28.92164,,,,,,,,,,44.42338,,
European Union,EUU,"Literacy rate, adult female (% of females ages 15 and above)",SE.ADT.LITR.FE.ZS,,,,,,,,,,,,,,,,,,,,,,,,,,,,,,,,,,,,,,,,,,,,,,,,,,,,,,,,,,,,
Fragile and conflict affected situations,FCS,"Literacy rate, adult female (% of females ages 15 and above)",SE.ADT.LITR.FE.ZS,,,,,,,,,,,,,,,,,,,,,,,,,,,43.96218109,44.61069107,45.21865845,45.47367096,46.02473068,46.2106781,46.44210815,46.69152069,47.73690033,48.51636887,49.16365814,50.15930176,51.01126099,51.76636124,52.98236084,53.80183029,54.45463943,54.93067932,55.54069138,55.86143875,53.97066879,54.37770081,54.02280045,52.12701035,52.67971,52.37592,52.66213,52.53626,53.4406,54.01249,54.58642,55.61082,56.20891,
Finland,FIN,"Literacy rate, adult female (% of females ages 15 and above)",SE.ADT.LITR.FE.ZS,,,,,,,,,,,,,,,,,,,,,,,,,,,,,,,,,,,,,,,,,,,,,,,,,,,,,,,,,,,,
Fiji,FJI,"Literacy rate, adult female (% of females ages 15 and above)",SE.ADT.LITR.FE.ZS,,,,,,,,,,,,,,,,,,,,,,,,,,,,,,,,,,,,,91.39089966,,,,,,,,,,,,,,,,,,,,,99.08583,,
France,FRA,"Literacy rate, adult female (% of females ages 15 and above)",SE.ADT.LITR.FE.ZS,,,,,,,,,,,,,,,,,,,,,,,,,,,,,,,,,,,,,,,,,,,,,,,,,,,,,,,,,,,,
Faroe Islands,FRO,"Literacy rate, adult female (% of females ages 15 and above)",SE.ADT.LITR.FE.ZS,,,,,,,,,,,,,,,,,,,,,,,,,,,,,,,,,,,,,,,,,,,,,,,,,,,,,,,,,,,,
"Micronesia, Fed. Sts.",FSM,"Literacy rate, adult female (% of females ages 15 and above)",SE.ADT.LITR.FE.ZS,,,,,,,,,,,,,,,,,,,,,,,,,,,,,,,,,,,,,,,,,,,,,,,,,,,,,,,,,,,,
Gabon,GAB,"Literacy rate, adult female (% of females ages 15 and above)",SE.ADT.LITR.FE.ZS,,,,,,,,,,,,,,,,,,,,,,,,,,,,,,,,,,65.3263092,,,,,,,,,,,,,,,,,,,79.87897,,,,,,83.42397,
United Kingdom,GBR,"Literacy rate, adult female (% of females ages 15 and above)",SE.ADT.LITR.FE.ZS,,,,,,,,,,,,,,,,,,,,,,,,,,,,,,,,,,,,,,,,,,,,,,,,,,,,,,,,,,,,
Georgia,GEO,"Literacy rate, adult female (% of females ages 15 and above)",SE.ADT.LITR.FE.ZS,,,,,,,,,,,,,,,,,,,,,,,,,,,,,,,,,,,,,,,,,,,99.55285,,,,,,,,,,,,99.51458,,,99.29475,,
Ghana,GHA,"Literacy rate, adult female (% of females ages 15 and above)",SE.ADT.LITR.FE.ZS,,,,,,,,,,,,,,,,,,,,,,,,,,,,,,,,,,,,,,,,,49.79196,,,,,,,,,,65.29469,,,,,,,,74.47439,
Gibraltar,GIB,"Literacy rate, adult female (% of females ages 15 and above)",SE.ADT.LITR.FE.ZS,,,,,,,,,,,,,,,,,,,,,,,,,,,,,,,,,,,,,,,,,,,,,,,,,,,,,,,,,,,,
Guinea,GIN,"Literacy rate, adult female (% of females ages 15 and above)",SE.ADT.LITR.FE.ZS,,,,,,,,,,,,,,,,,,,,,,,,,,,,,,,,,,,,,9.743069649,,,,,,,18.23868,,,,,,,12.19195,,,,21.96225,,,,,
"Gambia, The",GMB,"Literacy rate, adult female (% of females ages 15 and above)",SE.ADT.LITR.FE.ZS,,,,,,,,,,,,,,,,,,,,,,,,,,,,,,,,,,,,,,,,,25.06155,,,,,,,,,,,,,33.57535,,41.57702,,,,
Guinea-Bissau,GNB,"Literacy rate, adult female (% of females ages 15 and above)",SE.ADT.LITR.FE.ZS,,,,,,,,,,,,,,,,,,,,8.588259697,,,,,,,,,,,,,,,,,,,,,27.49421,,,,,,,,,,,,,,30.76851,,,,,
Equatorial Guinea,GNQ,"Literacy rate, adult female (% of females ages 15 and above)",SE.ADT.LITR.FE.ZS,,,,,,,,,,,,,,,,,,,,,,,,,,,,,,,,,,,,,,,,,81.623,,,,,,,,,,90.67608,,,,92.4,,,,,
Greece,GRC,"Literacy rate, adult female (% of females ages 15 and above)",SE.ADT.LITR.FE.ZS,,,,,,,,,,,,,,,,,,,,,,85.31999207,,,,,,,,,,89.353302,,,,,,,,,,94.23941,,,,90.76541,,91.81247,,91.84761,,96.50211,,,,,,,,
Grenada,GRD,"Literacy rate, adult female (% of females ages 15 and above)",SE.ADT.LITR.FE.ZS,,,,,,,,,,,97.58978271,,,,,,,,,,,,,,98.59999847,,,,,,,,,,98.59999847,,,,,,,,,,98.6,,,,,,,,,,98.6,,,,,
Greenland,GRL,"Literacy rate, adult female (% of females ages 15 and above)",SE.ADT.LITR.FE.ZS,,,,,,,,,,,,,,,,,,,,,,,,,,,,,,,,,,,,,,,,,,,,,,,,,,,,,,,,,,,,
Guatemala,GTM,"Literacy rate, adult female (% of females ages 15 and above)",SE.ADT.LITR.FE.ZS,,,,,,,,,,,,,,,,,,,,,,,,,,,,,,,,,,,57.29265976,,,,,,,,63.34138,,,,,,,,,,72.42804,72.12759,76.37066,,,,,
Guam,GUM,"Literacy rate, adult female (% of females ages 15 and above)",SE.ADT.LITR.FE.ZS,,,,,,,,,,,,,,,,,,,,,96.46308136,,,,,,,,,,99.3085022,,,,,,,,,,,,,,,,,,,,,,,,,,,,,
Guyana,GUY,"Literacy rate, adult female (% of females ages 15 and above)",SE.ADT.LITR.FE.ZS,,,,,,,,,,,,,,,,,,,,,,,,,,,,,,,,,,,,,,,,,,,,,,,,,,87.25198,,,,,85.03461,,,,,
High income,HIC,"Literacy rate, adult female (% of females ages 15 and above)",SE.ADT.LITR.FE.ZS,,,,,,,,,,,,,,,,,,,,,,,,,,,,,,,,,,,,,,,,,,,,,,,,,,,,,,,,,,,,
"Hong Kong SAR, China",HKG,"Literacy rate, adult female (% of females ages 15 and above)",SE.ADT.LITR.FE.ZS,,,,,,,,,,,,,,,,,,,,,,,,,,,,,,,,,,,,,,,,,,,,,,,,,,,,,,,,,,,,
Honduras,HND,"Literacy rate, adult female (% of females ages 15 and above)",SE.ADT.LITR.FE.ZS,,,,,,,,,,,,,,,,,,,,,,,,,,,,,,,,,,,,,,,,,,80.2236,,,,,,83.45277,,,84.72503,84.93027,85.05148,85.28473,87.02599,87.8937,88.93486,,87.26556,
Heavily indebted poor countries (HIPC),HPC,"Literacy rate, adult female (% of females ages 15 and above)",SE.ADT.LITR.FE.ZS,,,,,,,,,,,,,,,,,,,,,,,,,,,32.95346069,33.61249924,34.16379166,34.66078949,35.32164001,35.64115143,35.96500015,36.41217041,37.13378143,37.32563019,38.0215416,39.0328598,39.72682953,40.54225159,41.66466141,42.53779984,42.32139969,43.2301712,44.92724991,44.4670105,43.40707016,45.10189056,44.57349014,45.27264023,46.18151,48.7758,50.4204,50.69454,51.75255,52.47127,53.59357,54.78588,55.48133,
Croatia,HRV,"Literacy rate, adult female (% of females ages 15 and above)",SE.ADT.LITR.FE.ZS,,,,,,,,,,,,,,,,,,,,,,,,,,,,,,,,94.8172226,,,,,,,,,,97.0839,,,,,,,,,,98.66591,,,,,,,,
Haiti,HTI,"Literacy rate, adult female (% of females ages 15 and above)",SE.ADT.LITR.FE.ZS,,,,,,,,,,,,,,,,,,,,,,,32.52495956,,,,,,,,,,,,,,,,,,,,,54.86147,,,44.59945,,,,,,,,,,58.30052,,,
Hungary,HUN,"Literacy rate, adult female (% of females ages 15 and above)",SE.ADT.LITR.FE.ZS,,,,,,,,,,,,,,,,,,,,,98.45413208,,,,,,,,,,,,,,,,,,,,,,,,,,,,,,,,,,99.1,,,,,
IBRD only,IBD,"Literacy rate, adult female (% of females ages 15 and above)",SE.ADT.LITR.FE.ZS,,,,,,,,,,,,,,,,50.727211,50.97002029,51.36949921,52.37446976,53.38541031,54.06536865,55.2598114,56.26119995,57.4237709,58.55345154,59.54763031,60.47684097,61.5206604,64.43029022,65.27120972,65.7851181,66.72306824,67.42762756,68.04283142,68.66477203,69.32312775,70.01631927,74.14704895,75.68576813,76.19394684,76.79753113,77.18164063,77.73174286,78.51731873,79.16166687,,79.57185364,80.64037323,81.12445068,81.71240234,82.76252,83.29829,83.66976,83.9676,84.49703,84.87894,85.1241,85.45743,85.79008,
IDA & IBRD total,IBT,"Literacy rate, adult female (% of females ages 15 and above)",SE.ADT.LITR.FE.ZS,,,,,,,,,,,,,,,,47.71857071,47.93307877,48.3087883,49.19430923,50.09246063,50.71554184,51.75494003,52.65784836,53.68817902,54.70539093,55.61132813,56.46133041,57.43920898,59.99269867,60.79259109,61.34463882,62.22040939,62.84104156,63.42309189,64.06627655,64.70124054,65.39154053,68.9230423,70.38745117,70.92041779,71.28063202,71.72557831,72.22402191,72.93994904,73.65878296,,73.90830231,74.73258209,75.24289703,75.79799652,76.70705,77.18519,77.60679,77.89608,78.46241,78.90824,79.37976,79.77757,80.05061,
IDA total,IDA,"Literacy rate, adult female (% of females ages 15 and above)",SE.ADT.LITR.FE.ZS,,,,,,,,,,,,,,,,,,,,,,34.30046082,34.71297073,35.08470154,35.54182816,36.00833893,36.46389008,37.11338043,37.89324951,38.4888382,39.23078918,39.99703979,40.40153122,41.02621841,41.99647903,42.76728821,43.6064415,44.56153107,45.95722961,46.86597824,46.35808182,47.30570984,47.77317047,48.37200165,49.62971878,49.60411835,49.68714142,49.76586914,50.7066803,51.45069122,52.1083,52.67403,53.61624,54.19391,55.22972,56.24968,57.89154,58.8438,59.21781,
IDA blend,IDB,"Literacy rate, adult female (% of females ages 15 and above)",SE.ADT.LITR.FE.ZS,,,,,,,,,,,,,,,,,,,,,38.45341873,38.59635162,39.14677048,39.49705124,39.86997986,40.25495148,40.64537048,41.41592026,42.21160126,42.83454895,43.67631912,45.27420044,45.49198914,46.29732895,47.1626091,48.02257919,49.0499382,50.00675964,51.15071869,51.97491837,48.45722961,49.3755188,50.22082901,50.27196884,51.29817963,51.04721069,52.11265182,51.38988876,51.73209,52.75955963,53.39392,54.11194,55.05869,55.0472,56.31503,56.64338,57.51538,58.50961,58.28596,
Indonesia,IDN,"Literacy rate, adult female (% of females ages 15 and above)",SE.ADT.LITR.FE.ZS,,,,,,,,,,,,,,,,,,,,,57.69462967,,,,,,,,,,75.27011871,,,,,,,,,,,,,,86.79959,,88.78698,,89.10139,89.67712,,90.0687,,,93.4509,93.33571,93.58692,,93.99218,
IDA only,IDX,"Literacy rate, adult female (% of females ages 15 and above)",SE.ADT.LITR.FE.ZS,,,,,,,,,,,,,,,,,,,,,,,32.4575119,32.8401413,33.34011078,33.84809113,34.33678055,34.9246788,35.69651031,36.27817917,36.96934891,37.31644058,37.81953812,38.35628128,39.38304901,40.11177826,40.8548317,41.80799866,43.32992172,44.28015137,45.29499817,46.25727844,46.5329895,47.40892029,48.7836113,48.87203979,48.45637894,48.94169998,50.18626022,50.78630066,51.4556,51.94452,52.88482,53.76149,54.68014,56.05054,58.08147,59.01223,59.68649,
Isle of Man,IMN,"Literacy rate, adult female (% of females ages 15 and above)",SE.ADT.LITR.FE.ZS,,,,,,,,,,,,,,,,,,,,,,,,,,,,,,,,,,,,,,,,,,,,,,,,,,,,,,,,,,,,
India,IND,"Literacy rate, adult female (% of females ages 15 and above)",SE.ADT.LITR.FE.ZS,,,,,,,,,,,,,,,,,,,,,,25.67625046,,,,,,,,,,33.72953033,,,,,,,,,,47.8421,,,,,50.82376,,,,,59.27732,,,,,,,65.79081,
Not classified,INX,"Literacy rate, adult female (% of females ages 15 and above)",SE.ADT.LITR.FE.ZS,,,,,,,,,,,,,,,,,,,,,,,,,,,,,,,,,,,,,,,,,,,,,,,,,,,,,,,,,,,,
Ireland,IRL,"Literacy rate, adult female (% of females ages 15 and above)",SE.ADT.LITR.FE.ZS,,,,,,,,,,,,,,,,,,,,,,,,,,,,,,,,,,,,,,,,,,,,,,,,,,,,,,,,,,,,
"Iran, Islamic Rep.",IRN,"Literacy rate, adult female (% of females ages 15 and above)",SE.ADT.LITR.FE.ZS,,,,,,,,,,,,,,,,,24.42308044,,,,,,,,,,41.03395081,,,,,56.15642166,,,,,66.06775665,,,,,,70.4,,,76.80264,77.24002,,77.69472,,,,78.41627,79.75584,79.83935,,80.78744,,,
Iraq,IRQ,"Literacy rate, adult female (% of females ages 15 and above)",SE.ADT.LITR.FE.ZS,,,,,,,,,,,,,,,,,,,,,,,,,,,,,,,,,,,,,,,,,64.1695,,,,,,,,,,,,,37.95525,,,,,44.014,
Iceland,ISL,"Literacy rate, adult female (% of females ages 15 and above)",SE.ADT.LITR.FE.ZS,,,,,,,,,,,,,,,,,,,,,,,,,,,,,,,,,,,,,,,,,,,,,,,,,,,,,,,,,,,,
Israel,ISR,"Literacy rate, adult female (% of females ages 15 and above)",SE.ADT.LITR.FE.ZS,,,,,,,,,,,,,,,,,,,,,,,,88.67472076,,,,,,,,,,,,,,,,,,,,,,,,,,,,,,,,,,,,
Italy,ITA,"Literacy rate, adult female (% of females ages 15 and above)",SE.ADT.LITR.FE.ZS,,,,,,,,,,,,,,,,,,,,,,95.53666687,,,,,,,,,,,,,,,,,,,,98.04215,,,,,,,,,,98.57957,,,,,,,98.97192,
Jamaica,JAM,"Literacy rate, adult female (% of females ages 15 and above)",SE.ADT.LITR.FE.ZS,,,,,,,,,,,,,,,,,,,,,,,,,,,,,,,,,,,,,,,,85.87207794,,,,,,,,,,,,,,,92.7,,,,,
Jordan,JOR,"Literacy rate, adult female (% of females ages 15 and above)",SE.ADT.LITR.FE.ZS,,,,,,,,,,,,,,,,,,,,52.11061096,,,,,,,,,,,,,,,,,,,,,,,,84.71392,,87.00581,,88.90331,,,89.20774,93.93346,97.37201,,,,,,97.83208,
Japan,JPN,"Literacy rate, adult female (% of females ages 15 and above)",SE.ADT.LITR.FE.ZS,,,,,,,,,,,,,,,,,,,,,,,,,,,,,,,,,,,,,,,,,,,,,,,,,,,,,,,,,,,,
Kazakhstan,KAZ,"Literacy rate, adult female (% of females ages 15 and above)",SE.ADT.LITR.FE.ZS,,,,,,,,,,,,,,,,,,,,,,,,,,,,,,96.13877106,,,,,,,,,,99.28990173,,,,,,,,,,99.68429,99.73899,,,,,,,,,
Kenya,KEN,"Literacy rate, adult female (% of females ages 15 and above)",SE.ADT.LITR.FE.ZS,,,,,,,,,,,,,,,,,,,,,,,,,,,,,,,,,,,,,,,,,77.89298,,,,,,,66.86312,,,,,,,74.00632,,,,78.18893,
Kyrgyz Republic,KGZ,"Literacy rate, adult female (% of females ages 15 and above)",SE.ADT.LITR.FE.ZS,,,,,,,,,,,,,,,,,,,,,,,,,,,,,,,,,,,,,,,,98.13063049,,,,,,,,,,98.98121,,,,,,,,,99.49972,
Cambodia,KHM,"Literacy rate, adult female (% of females ages 15 and above)",SE.ADT.LITR.FE.ZS,,,,,,,,,,,,,,,,,,,,,,,,,,,,,,,,,,,,,,,56.99250031,,,,,,64.05099,,,,70.8582,65.93125,,,,,71.7818,75.03387,,,,
Kiribati,KIR,"Literacy rate, adult female (% of females ages 15 and above)",SE.ADT.LITR.FE.ZS,,,,,,,,,,,,,,,,,,,,,,,,,,,,,,,,,,,,,,,,,,,,,,,,,,,,,,,,,,,,
St. Kitts and Nevis,KNA,"Literacy rate, adult female (% of females ages 15 and above)",SE.ADT.LITR.FE.ZS,,,,,,,,,,,,,,,,,,,,,,,,,,,,,,,,,,,,,,,,,,,,,,,,,,,,,,,,,,,,
"Korea, Rep.",KOR,"Literacy rate, adult female (% of females ages 15 and above)",SE.ADT.LITR.FE.ZS,,,,,,,,,,,,,,,,,,,,,,,,,,,,,,,,,,,,,,,,,,,,,,,,,,,,,,,,,,,,
Kuwait,KWT,"Literacy rate, adult female (% of females ages 15 and above)",SE.ADT.LITR.FE.ZS,,,,,,,,,,,,,,,,48.0152092,,,,,59.11050034,,,,,68.84937286,,,,,,,,,,74.14871979,,,,,,,,,,91.0425,90.82863,91.50349,91.77865,,92.68094,,94.96525,94.30116,,94.47005,,94.82577,94.90516,
Latin America & Caribbean (excluding high income),LAC,"Literacy rate, adult female (% of females ages 15 and above)",SE.ADT.LITR.FE.ZS,,,,,,,,,,,,,,,73.17723846,73.20020294,73.70855713,74.29489899,74.92186737,75.49977875,76.16995239,76.61985779,77.16681671,77.72059631,78.26206207,78.78800201,79.299263,79.61022949,80.21633911,80.80544281,81.36393738,82.00478363,82.76825714,83.52813721,84.16329956,84.86475372,85.29818726,85.63123322,86.22628021,86.62886047,86.99051666,87.01052094,87.21125793,88.13530731,88.13829803,88.72782898,88.49555969,89.30593109,89.61038971,89.93520355,90.1282,90.7628,91.1127,91.22103,91.76073,91.91362,92.42882,92.60402,92.8302,
Lao PDR,LAO,"Literacy rate, adult female (% of females ages 15 and above)",SE.ADT.LITR.FE.ZS,,,,,,,,,,,,,,,,,,,,,,,,,,,,,,,,,,,,47.90235901,,,,,58.4607,60.90252,,,,63.22699,,,,,,49.72308,,,,79.39104,,,,
Lebanon,LBN,"Literacy rate, adult female (% of females ages 15 and above)",SE.ADT.LITR.FE.ZS,,,,,,,,,,,,,,,,,,,,,,,,,,,,,,,,,,,,,,,,,,,,,,,,85.96778,,88.08706,,,,,,,,,93.30501,
Liberia,LBR,"Literacy rate, adult female (% of females ages 15 and above)",SE.ADT.LITR.FE.ZS,,,,,,,,,,,,,,,,,,,,,,,,,19.30278969,,,,,,,,,,,,,,,,,,,,,,,27.03491,,,,,,,,,,34.09226,,
Libya,LBY,"Literacy rate, adult female (% of females ages 15 and above)",SE.ADT.LITR.FE.ZS,,,,,,,,,,,,,,,,,,,,,,,,,42.31354904,,,,,,,,,,63.70000076,,,,,,,,,,77.8,,,,,,,,,,,,,,,
St. Lucia,LCA,"Literacy rate, adult female (% of females ages 15 and above)",SE.ADT.LITR.FE.ZS,,,,,,,,,,,,,,,,,,,,,,,,,,,,,,,,,,,,,,,,,,,,,,,,,,,,,,,,,,,,
Latin America & Caribbean,LCN,"Literacy rate, adult female (% of females ages 15 and above)",SE.ADT.LITR.FE.ZS,,,,,,,,,,,,,,,75.76988983,75.7913208,76.24764252,76.77076721,77.33975983,77.86538696,78.46546936,78.88432312,79.38204956,79.88509369,80.37744904,80.85587311,81.32170868,81.60356903,82.20787048,82.76441193,83.26480103,83.83006287,84.48304749,85.14518738,85.69998932,86.3116684,86.69251251,86.99028015,87.53427124,87.88523102,88.20292664,88.22653961,88.40821075,89.21154022,89.22129822,89.74169922,89.61846924,90.33679962,90.61271667,90.98171997,91.10951,91.64012,91.96107,92.03151,92.5024,92.65633,93.11509,93.25021,93.44784,
Least developed countries: UN classification,LDC,"Literacy rate, adult female (% of females ages 15 and above)",SE.ADT.LITR.FE.ZS,,,,,,,,,,,,,,,,,,,,,,,30.35054016,30.72686005,31.21249008,31.70198059,32.16931915,32.74332047,33.48609161,34.08274078,34.77011108,35.09997177,35.59891891,36.13368988,37.20161819,38.08142853,38.8070488,39.75888062,41.31280136,42.29109955,43.15216064,44.15702057,44.28321075,45.24420929,46.68534088,46.71912003,46.18391037,46.47087097,47.74486923,48.71118164,49.22875,49.71494,50.77016,51.72391,52.59921,54.10951,56.31857,57.33279,58.09787,
Low income,LIC,"Literacy rate, adult female (% of females ages 15 and above)",SE.ADT.LITR.FE.ZS,,,,,,,,,,,,,,,,,,,,,,,,,,34.54561996,35.02442932,35.66181183,36.24845886,36.67211914,37.36286926,37.80595016,38.18299866,38.59460831,39.31433105,39.76839828,40.39004898,41.32117844,41.88650894,42.56462097,43.25941849,44.27970886,43.93238068,44.61940002,46.19906998,45.74208832,45.4675293,46.85810089,46.03071976,47.19792938,47.51766,49.93399,51.43424,51.55278,52.3935,53.01256,53.96644,55.01539,55.61861,
Liechtenstein,LIE,"Literacy rate, adult female (% of females ages 15 and above)",SE.ADT.LITR.FE.ZS,,,,,,,,,,,,,,,,,,,,,,,,,,,,,,,,,,,,,,,,,,,,,,,,,,,,,,,,,,,,
Sri Lanka,LKA,"Literacy rate, adult female (% of females ages 15 and above)",SE.ADT.LITR.FE.ZS,,,,,,,,,,,,,,,,,,,,,,82.02197266,,,,,,,,,,,,,,,,,,,,89.13576,,,,,89.09135,,89.07347,,89.95868,,,,,,91.48611,90.97074,,
Lower middle income,LMC,"Literacy rate, adult female (% of females ages 15 and above)",SE.ADT.LITR.FE.ZS,,,,,,,,,,,,,,,,37.73448181,37.97401047,38.59943008,39.26548004,40.01213074,39.9341011,40.99594879,41.97108078,42.61505127,43.323349,44.03042984,44.66062927,45.69240189,45.97121048,46.82888031,47.6184082,48.34566879,49.1428299,49.8395195,50.70061111,51.52248001,52.4036293,53.18201065,56.1552887,56.95808029,57.19551086,57.85992813,58.83480072,59.70323181,60.53961182,,60.7468605,61.1020813,62.30374146,63.05450058,65.15442,65.55476,66.20354,66.96493,67.97962,68.82391,69.67878,70.46611,70.9349,
Low & middle income,LMY,"Literacy rate, adult female (% of females ages 15 and above)",SE.ADT.LITR.FE.ZS,,,,,,,,,,,,,,,,46.96162033,47.17684937,47.55609131,48.45277023,49.36238098,49.99243164,51.04584885,51.96057892,53.00495911,54.03601837,54.95397186,55.81509018,56.80818176,59.40385056,60.21176147,60.77074814,61.66452026,62.30001831,62.89461899,63.55086899,64.1984787,64.90316772,68.4920578,69.97933197,70.52303314,70.89167786,71.34551239,71.85497284,72.58545685,73.31742859,,73.56729126,74.4048996,74.92292786,75.47969055,76.40839,76.89891,77.32789,77.6264,78.20323,78.65484,79.13391,79.54099,79.81951,
Lesotho,LSO,"Literacy rate, adult female (% of females ages 15 and above)",SE.ADT.LITR.FE.ZS,,,,,,,,,,,,,,,,,,,,,,,,,,,,,,,,,,,,,,,,,92.04645,,,,,,,,,84.96396,,,,,84.93489,,,,,
Late-demographic dividend,LTE,"Literacy rate, adult female (% of females ages 15 and above)",SE.ADT.LITR.FE.ZS,,,,,,,,,,,,,,,,,58.26359177,58.40584183,59.57117844,60.80683899,61.97856903,63.14884186,64.08467102,65.49478912,66.63887787,67.74828339,68.74542236,69.77501678,74.65963745,75.49060822,75.55976868,76.82415009,77.41811371,77.99758911,78.55062866,79.10932159,79.70722198,86.59805298,87.09561157,87.52765656,88.02049255,88.3432312,88.7792511,89.29641724,89.87007904,90.31153107,90.62026215,92.01638794,92.33570099,92.74658966,92.82887,93.46974,93.69671,93.76935,94.01689,94.19743,94.42944,94.64086,94.84279,
Lithuania,LTU,"Literacy rate, adult female (% of females ages 15 and above)",SE.ADT.LITR.FE.ZS,,,,,,,,,,,,,,,,,,,,,,,,,,,,,,97.78159332,,,,,,,,,,,,99.64794,,,,,,,,,,99.83324,,,,,,,,
Luxembourg,LUX,"Literacy rate, adult female (% of females ages 15 and above)",SE.ADT.LITR.FE.ZS,,,,,,,,,,,,,,,,,,,,,,,,,,,,,,,,,,,,,,,,,,,,,,,,,,,,,,,,,,,,
Latvia,LVA,"Literacy rate, adult female (% of females ages 15 and above)",SE.ADT.LITR.FE.ZS,,,,,,,,,,,,,,,,,,,,,,,,,,,,,,99.188797,,,,,,,,,,,99.70973,,,,,,,,,,,99.90792,,,,,,,,
"Macao SAR, China",MAC,"Literacy rate, adult female (% of females ages 15 and above)",SE.ADT.LITR.FE.ZS,,,,,,,,,,,,,,,,,,,,,,86.21588135,,,,,,,,,,,,,,,,,,,,87.77497,,,,,90.72359,,,,,93.73191,,,,,95.03257,,,
St. Martin (French part),MAF,"Literacy rate, adult female (% of females ages 15 and above)",SE.ADT.LITR.FE.ZS,,,,,,,,,,,,,,,,,,,,,,,,,,,,,,,,,,,,,,,,,,,,,,,,,,,,,,,,,,,,
Morocco,MAR,"Literacy rate, adult female (% of females ages 15 and above)",SE.ADT.LITR.FE.ZS,,,,,,,,,,,,,,,,,,,,,,,17.51486969,,,,,,,,,,,,28.72542,,,,,,,,,,39.61956,,,,42.58785,43.92108,,57.63999,59.13064,,,,,,64.59138,
Monaco,MCO,"Literacy rate, adult female (% of females ages 15 and above)",SE.ADT.LITR.FE.ZS,,,,,,,,,,,,,,,,,,,,,,,,,,,,,,,,,,,,,,,,,,,,,,,,,,,,,,,,,,,,
Moldova,MDA,"Literacy rate, adult female (% of females ages 15 and above)",SE.ADT.LITR.FE.ZS,,,,,,,,,,,,,,,,,,,,,,,,,,,,,,94.4444809,,,,,,,,,,,95.4923,,,,,,,,,,,,98.92425,,99.14042,,,,,
Madagascar,MDG,"Literacy rate, adult female (% of females ages 15 and above)",SE.ADT.LITR.FE.ZS,,,,,,,,,,,,,,,,,,,,,,,,,,,,,,,,,,,,,,,,,65.27857,,,,,,,,,61.64141,,,68.2833,,,,,,72.38409,
Maldives,MDV,"Literacy rate, adult female (% of females ages 15 and above)",SE.ADT.LITR.FE.ZS,,,,,,,,,,,,,,,,,,82.17816162,,,,,,,,92.35900879,,,,,96.14601135,,,,,96.44297791,,,,,,,,,,,98.42985,,,,,,,,98.69167,,98.11471,,,
Middle East & North Africa,MEA,"Literacy rate, adult female (% of females ages 15 and above)",SE.ADT.LITR.FE.ZS,,,,,,,,,,,,,,28.44499969,28.91900063,29.43847084,30.17777061,30.61696053,31.35088921,32.15737915,32.99700165,33.84513855,34.83391953,35.9283905,37.06457901,38.10829163,39.34040833,40.30432892,41.55403137,42.78176117,45.54496002,47.0304718,48.25606918,48.81758881,50.13769913,52.05178833,53.83073044,54.90721893,56.36045837,57.72898102,59.06328964,60.36212158,60.88233185,64.03885651,65.29631805,,66.12442017,66.58010101,67.51699066,67.64337921,68.75122,69.60376,70.28381,70.84146,71.44198,72.31189,70.96812,72.27389,72.33609,
Mexico,MEX,"Literacy rate, adult female (% of females ages 15 and above)",SE.ADT.LITR.FE.ZS,,,,,,,,,,,,,,,,,,,,,79.89099884,,,,,,,,,,84.95590973,,,,,,,,,,88.68204,,88.72863,,89.63102,90.21041,89.83451,91.35555,91.45361,92.11625,91.85342,92.33828,93.17924,92.90394,93.59134,93.4855,93.96852,94.16576,94.60805,
Marshall Islands,MHL,"Literacy rate, adult female (% of females ages 15 and above)",SE.ADT.LITR.FE.ZS,,,,,,,,,,,,,,,,,,,,,,,,,,,,,,,,,,,,,,,,,,,,,,,,,,,,98.20298,,,,,,,,
Middle income,MIC,"Literacy rate, adult female (% of females ages 15 and above)",SE.ADT.LITR.FE.ZS,,,,,,,,,,,,,,,,48.16519165,48.3880806,48.78162003,49.7284584,50.68803024,51.34313965,52.45595169,53.41540146,54.51398849,55.58612823,56.5349617,57.42570114,58.4463501,61.19765091,62.03533173,62.5841217,63.52627945,64.19577789,64.81945801,65.4871521,66.16883087,66.88877106,70.70800018,72.28919983,72.84030914,73.19892883,73.62323761,74.22206116,74.97393036,75.65383148,,76.04094696,76.86064148,77.53420258,78.07193756,79.09369,79.43916,79.8007,80.15146,80.73942,81.21342,81.68458,82.06739,82.35504,
North Macedonia,MKD,"Literacy rate, adult female (% of females ages 15 and above)",SE.ADT.LITR.FE.ZS,,,,,,,,,,,,,,,,,,,,,,,,,,,,,,,,,,,90.92801666,,,,,,,,94.05607,,,,,,,,,,,,96.7,,,,,
Mali,MLI,"Literacy rate, adult female (% of females ages 15 and above)",SE.ADT.LITR.FE.ZS,,,,,,,,,,,,,,,,,5.735280037,,,,,,,,,,,,,,,,,,,,,,11.89342976,,,,,15.9,,,18.19091,,,,20.28793,24.63679,,,,22.19581,,,25.73516,
Malta,MLT,"Literacy rate, adult female (% of females ages 15 and above)",SE.ADT.LITR.FE.ZS,,,,,,,,,,,,,,,,,,,,,,,,,,87.28613281,,,,,,,,,,89.24263763,,,,,,,,,,93.50425,,,,,,94.79004,,,,,,,95.98872,
Myanmar,MMR,"Literacy rate, adult female (% of females ages 15 and above)",SE.ADT.LITR.FE.ZS,,,,,,,,,,,,,,,,,,,,,,,,71.630867,,,,,,,,,,,,,,,,,86.41518,,,,,,,,,,,,,,,,71.84699,,,
Middle East & North Africa (excluding high income),MNA,"Literacy rate, adult female (% of females ages 15 and above)",SE.ADT.LITR.FE.ZS,,,,,,,,,,,,,24.71478081,25.20309067,25.71088028,26.27206039,27.06406975,27.52430916,28.31369019,29.15003014,30.06080055,30.97522926,31.96229935,33.15232086,34.36608124,35.50183105,36.84545135,37.89215088,39.15710068,40.40077972,43.3494606,44.87779999,46.09394073,46.689991,48.04961014,50.06241989,51.90761185,52.97700119,54.42459106,55.81721115,57.14508057,58.49317932,58.88716888,62.19932938,63.44554901,,64.14958191,64.52320099,65.4095993,65.42608643,66.54257,66.81986,67.48462,67.99404,68.58886,69.52295,67.92356,69.37099,69.41151,
Montenegro,MNE,"Literacy rate, adult female (% of females ages 15 and above)",SE.ADT.LITR.FE.ZS,,,,,,,,,,,,,,,,,,,,,,83.23545837,,,,,,,,,,97.77604675,,,,,,,,,,,,96.31887,,,,,,,,97.50051,,,,,,,98.27135,
Mongolia,MNG,"Literacy rate, adult female (% of females ages 15 and above)",SE.ADT.LITR.FE.ZS,,,,,,,,,,,,,,,,,,,,,,,,,,,,,,,,,,,,,,,,,97.5288,,,,,,,,,,98.33663,,,,,,,,98.64889,
Northern Mariana Islands,MNP,"Literacy rate, adult female (% of females ages 15 and above)",SE.ADT.LITR.FE.ZS,,,,,,,,,,,,,,,,,,,,,,,,,,,,,,,,,,,,,,,,,,,,,,,,,,,,,,,,,,,,
Mozambique,MOZ,"Literacy rate, adult female (% of females ages 15 and above)",SE.ADT.LITR.FE.ZS,,,,,,,,,,,,,,,,,,,,,12.09652996,,,,,,,,,,,,,,,,,24.96419907,,,,,,33.19396,,,,,,36.45228,,,,,,43.06246,,50.29514,,
Mauritania,MRT,"Literacy rate, adult female (% of females ages 15 and above)",SE.ADT.LITR.FE.ZS,,,,,,,,,,,,,,,,,,,,,,,,,,,,,,,,,,,,,,,,,43.41736,,,,,,,35.34843,,,,,,,,,,43.35439,,
Mauritius,MUS,"Literacy rate, adult female (% of females ages 15 and above)",SE.ADT.LITR.FE.ZS,,,,,,,,,,,,,,,,,,,,,,,,,,,,,,,74.66088867,,,,,,,,,,80.50003,,,,,,,,,,,86.65807,88.97935,89.05094,90.28332,90.65402,90.98055,,89.36638,
Malawi,MWI,"Literacy rate, adult female (% of females ages 15 and above)",SE.ADT.LITR.FE.ZS,,,,,,,,,,,,,,,,,,,,,,,,,,,,33.5230217,,,,,,,,,,,53.9971199,,,,,,,,,,,,51.25197,,,,55.13099,55.20411,,,,
Malaysia,MYS,"Literacy rate, adult female (% of females ages 15 and above)",SE.ADT.LITR.FE.ZS,,,,,,,,,,,,,,,,,,,,,61.24850082,,,,,,,,,,,77.28308868,,,,,,,,,85.35422,,,,,,,,,,90.74768,,,,,,91.06836,,,
North America,NAC,"Literacy rate, adult female (% of females ages 15 and above)",SE.ADT.LITR.FE.ZS,,,,,,,,,,,,,,,,,,,,,,,,,,,,,,,,,,,,,,,,,,,,,,,,,,,,,,,,,,,,
Namibia,NAM,"Literacy rate, adult female (% of females ages 15 and above)",SE.ADT.LITR.FE.ZS,,,,,,,,,,,,,,,,,,,,,,,,,,,,,,,,,,,,,,,,,,,,,,,,,,,,,,,,,,,,
New Caledonia,NCL,"Literacy rate, adult female (% of females ages 15 and above)",SE.ADT.LITR.FE.ZS,,,,,,,,,,,,,,,,,90.31079102,,,,,,,,,,,,,92.07344055,,,,,,,95.46530151,,,,,,,,,,,,,,,,,,97.5,,,,,
Niger,NER,"Literacy rate, adult female (% of females ages 15 and above)",SE.ADT.LITR.FE.ZS,,,,,,,,,,,,,,,,,,,,,,,,,,,,,,,,,,,,,,,,,,9.39935,,,,15.08414,,,,,,,22.55129,,,,,,,
Nigeria,NGA,"Literacy rate, adult female (% of females ages 15 and above)",SE.ADT.LITR.FE.ZS,,,,,,,,,,,,,,,,,,,,,,,,,,,,,,,,43.72919846,,,,,,,,,,,,43.32205,,,,,41.38676,,,,,,,,,,52.65648,
Nicaragua,NIC,"Literacy rate, adult female (% of females ages 15 and above)",SE.ADT.LITR.FE.ZS,,,,,,,,,,,,,,,,,,,,,,,,,,,,,,,,,,,,,,,,,,76.60166,,,,77.91604,,,,,,,,,,82.77935,,,,
Netherlands,NLD,"Literacy rate, adult female (% of females ages 15 and above)",SE.ADT.LITR.FE.ZS,,,,,,,,,,,,,,,,,,,,,,,,,,,,,,,,,,,,,,,,,,,,,,,,,,,,,,,,,,,,
Norway,NOR,"Literacy rate, adult female (% of females ages 15 and above)",SE.ADT.LITR.FE.ZS,,,,,,,,,,,,,,,,,,,,,,,,,,,,,,,,,,,,,,,,,,,,,,,,,,,,,,,,,,,,
Nepal,NPL,"Literacy rate, adult female (% of females ages 15 and above)",SE.ADT.LITR.FE.ZS,,,,,,,,,,,,,,,,,,,,,,9.153120041,,,,,,,,,,17.38179016,,,,,,,,,,34.88676,,,,,,,,,,48.83759,,,,,,,59.72443,
Nauru,NRU,"Literacy rate, adult female (% of females ages 15 and above)",SE.ADT.LITR.FE.ZS,,,,,,,,,,,,,,,,,,,,,,,,,,,,,,,,,,,,,,,,,,,,,,,,,,,,,,,,,,,,
New Zealand,NZL,"Literacy rate, adult female (% of females ages 15 and above)",SE.ADT.LITR.FE.ZS,,,,,,,,,,,,,,,,,,,,,,,,,,,,,,,,,,,,,,,,,,,,,,,,,,,,,,,,,,,,
OECD members,OED,"Literacy rate, adult female (% of females ages 15 and above)",SE.ADT.LITR.FE.ZS,,,,,,,,,,,,,,,,,,,,,,,,,,,,,,,,,,,,,,,,,,,,,,,,,,,,,,,,,,,,
Oman,OMN,"Literacy rate, adult female (% of females ages 15 and above)",SE.ADT.LITR.FE.ZS,,,,,,,,,,,,,,,,,,,,,,,,,,,,,,,,,,,,,,,,,,,,73.53171,,,,,80.87226,,81.80323,,,,88.9267,86.03721,90.94416,92.2256,92.69399,
Other small states,OSS,"Literacy rate, adult female (% of females ages 15 and above)",SE.ADT.LITR.FE.ZS,,,,,,,,,,,,,,,,,,,,,,,,,66.99817657,67.31542969,67.71543884,68.32733154,69.40532684,70.12460327,70.64652252,71.11392975,71.56286621,72.20838165,72.34075165,72.76824951,73.45304871,74.07749939,74.88165283,75.5306015,75.61978912,76.18798065,77.09050751,77.90789795,78.40944672,78.88021851,78.64032745,77.81459045,78.96260834,78.19873047,78.37848,79.08935,79.50647,79.84627,80.34852,81.24221,81.21255,81.40992,81.74337,
Pakistan,PAK,"Literacy rate, adult female (% of females ages 15 and above)",SE.ADT.LITR.FE.ZS,,,,,,,,,,,,,,,,,,,,,,14.77155018,,,,,,,,,,,,,,,,,29.04384041,,,,,,,35.36752,39.61323,,40.08118,40.31462,41.01553,41.97539,43.07189,41.97494,44.28342,,,46.46767,,
Panama,PAN,"Literacy rate, adult female (% of females ages 15 and above)",SE.ADT.LITR.FE.ZS,,,,,,,,,,,,,,,,,,,,,88.04653168,,,,,,,,,,88.21485138,,,,,,,,,,91.24718,,,,,,,,,,93.48526,,,,,,,,94.88172,
Peru,PER,"Literacy rate, adult female (% of females ages 15 and above)",SE.ADT.LITR.FE.ZS,,,,,,,,,,,,,,,,,,,,,,73.8583374,,,,,,,,,,,,81.65875244,,,,,,,,,,,82.06262,82.45437,83.45487,84.64688,,,,,90.66883,,90.44918,91.24653,91.18853,91.27013,91.70311,
Philippines,PHL,"Literacy rate, adult female (% of females ages 15 and above)",SE.ADT.LITR.FE.ZS,,,,,,,,,,,,,,,,,,,,,82.76215363,,,,,,,,,,93.18071747,,,,94.53865051,,,,,,92.65491,,,93.56453,,,,,95.82563,,,,,96.78736,,98.24175,,,,
Palau,PLW,"Literacy rate, adult female (% of females ages 15 and above)",SE.ADT.LITR.FE.ZS,,,,,,,,,,,,,,,,,,,,,90.50324249,,,,,,,,,,,,,,,,,,,,,,,,,,,,,,,,,99.52794,,96.34015,,,,
Papua New Guinea,PNG,"Literacy rate, adult female (% of females ages 15 and above)",SE.ADT.LITR.FE.ZS,,,,,,,,,,,,,,,,,,,,,,,,,,,,,,,,,,,,,,,,,50.91774,,,,,,,,,,57.9,,,,,,,,,
Poland,POL,"Literacy rate, adult female (% of females ages 15 and above)",SE.ADT.LITR.FE.ZS,,,,,,,,,,,,,,,,,,,98.25198364,,,,,,,,,,98.25198364,,,,,,,,,,98.25198364,,,,,,,,,,98.25198,,,,,,,,,,,
Pre-demographic dividend,PRE,"Literacy rate, adult female (% of females ages 15 and above)",SE.ADT.LITR.FE.ZS,,,,,,,,,,,,,,,,,,,,,,,,,,,36.65240097,37.43085861,38.14820099,38.82310104,39.56425858,40.60100937,40.56990051,41.25376129,41.96405029,42.57384109,43.50550842,44.68915176,45.40134811,46.37025833,44.55593872,45.6084404,46.38439178,47.18592072,48.24528885,47.86154938,46.57302856,46.17654037,45.77804947,45.37931061,45.94763,48.23761,49.73868,49.88911,50.88812,51.73806,52.75926,53.88341,54.83552,
Puerto Rico,PRI,"Literacy rate, adult female (% of females ages 15 and above)",SE.ADT.LITR.FE.ZS,,,,,,,,,,,,,,,,,,,,,85.8503418,,,,,,,,,,89.73095703,,,,,,,,,,,,,,,,,,,,92.53015,,,,,,,92.39002,,
"Korea, Dem. People’s Rep.",PRK,"Literacy rate, adult female (% of females ages 15 and above)",SE.ADT.LITR.FE.ZS,,,,,,,,,,,,,,,,,,,,,,,,,,,,,,,,,,,,,,,,,,,,,,,,,99.99761,,,,,,,,,,,
Portugal,PRT,"Literacy rate, adult female (% of females ages 15 and above)",SE.ADT.LITR.FE.ZS,,,,,,,,,,,,,,,,,,,,,,74.60798645,,,,,,,,,,84.65821075,,,,,,,,,,,,,,,,,,,,92.86077,,,,,,,95.07252,
Paraguay,PRY,"Literacy rate, adult female (% of females ages 15 and above)",SE.ADT.LITR.FE.ZS,,,,,,,,,,,,,,,,,,,,,,,75.85298157,,,,,,,,,,88.55870819,,,,,,,,,,,,,,,93.45327,92.49443,93.14401,92.92574,,93.58785,94.46626,94.2148,94.87442,93.83505,,93.53171,
West Bank and Gaza,PSE,"Literacy rate, adult female (% of females ages 15 and above)",SE.ADT.LITR.FE.ZS,,,,,,,,,,,,,,,,,,,,,,,,,,,,,,,,,,,,,,79.72662354,,,,,,,87.95174,,89.757,90.46518,90.09906,91.70453,92.1728,92.61618,93.56538,94.12609,94.40729,94.85377,95.20791,,95.74195,
Pacific island small states,PSS,"Literacy rate, adult female (% of females ages 15 and above)",SE.ADT.LITR.FE.ZS,,,,,,,,,,,,,,,,,,,,,,,,,,,,,,,,,,,,85.38918304,85.43721771,85.66201782,85.88491821,86.09754944,86.31210327,86.53427887,,,,,,,,,,,,,,,88.77012,88.81986,,
Post-demographic dividend,PST,"Literacy rate, adult female (% of females ages 15 and above)",SE.ADT.LITR.FE.ZS,,,,,,,,,,,,,,,,,,,,,,,,,,,,,,,,,,,,,,,,,,,,,,,,,,,,,,,,,,,,
French Polynesia,PYF,"Literacy rate, adult female (% of females ages 15 and above)",SE.ADT.LITR.FE.ZS,,,,,,,,,,,,,,,,,,,,,,,,,,,,,,,,,,,,,,,,,,,,,,,,,,,,,,,,,,,,
Qatar,QAT,"Literacy rate, adult female (% of females ages 15 and above)",SE.ADT.LITR.FE.ZS,,,,,,,,,,,,,,,,,,,,,,,,,,,72.45894623,,,,,,,,,,,80.8886795,,,,,,,88.60922,,,90.43612,92.66382,92.91018,,,,91.72963,92.4524,,94.20704,94.71151,,
Romania,ROU,"Literacy rate, adult female (% of females ages 15 and above)",SE.ADT.LITR.FE.ZS,,,,,,,,,,,,,,,,,,,,,,,,,,,,,,,,,94.9826889,,,,,,,,,,96.26632,,,,,,,,,98.20521,,,,,,,98.59977,
Russian Federation,RUS,"Literacy rate, adult female (% of females ages 15 and above)",SE.ADT.LITR.FE.ZS,,,,,,,,,,,,,,,,,,,,,,,,,,,,,,96.75817108,,,,,,,,,,,,,99.22836,,,,,,,,99.64778,,,,,,,,99.73411,
Rwanda,RWA,"Literacy rate, adult female (% of females ages 15 and above)",SE.ADT.LITR.FE.ZS,,,,,,,,,,,,,,,,,,,26.57357979,,,,,,,,,,,,,,,,,,,,,,59.75034,,,,,,,,,,61.54861,,64.66449,,66.13744,,,,69.39454,
South Asia,SAS,"Literacy rate, adult female (% of females ages 15 and above)",SE.ADT.LITR.FE.ZS,,,,,,,,,,,,,,,,21.36746025,21.37083054,22.10637093,22.85940933,23.62182045,24.36651993,24.6000309,25.85770988,26.65077019,27.45549965,28.27338028,29.10223961,29.94416046,29.93433952,30.8582592,31.76864052,32.43296051,33.55332947,34.46977997,35.39984131,36.35480881,37.33181,38.31713104,42.89321899,43.90235901,44.93043137,45.71406174,46.96604156,47.83428955,48.86325836,48.05305099,49.33618164,50.01491928,51.68540955,52.70362854,55.7265,56.84257,57.46891,58.45438,59.46374,60.55537,62.13805,63.05277,63.72935,
Saudi Arabia,SAU,"Literacy rate, adult female (% of females ages 15 and above)",SE.ADT.LITR.FE.ZS,,,,,,,,,,,,,,,,,,,,,,,,,,,,,,,,,57.27783966,,,,,,,,69.29119,,,,76.33516,,,,,,,,,91.36925,,,,92.7072,,
Sudan,SDN,"Literacy rate, adult female (% of females ages 15 and above)",SE.ADT.LITR.FE.ZS,,,,,,,,,,,,,,,,,,,,,,,,,,,,,,,,,,,,,,,,,52.1464,,,,,,,,46.69963,,,,,,,,,,56.06323,
Senegal,SEN,"Literacy rate, adult female (% of females ages 15 and above)",SE.ADT.LITR.FE.ZS,,,,,,,,,,,,,,,,,,,,,,,,,,,,,17.86326981,,,,,,,,,,,,,,29.24734,,,,32.98758,,,38.66625,,40.42492,,33.5966,,,,39.79856,,
Singapore,SGP,"Literacy rate, adult female (% of females ages 15 and above)",SE.ADT.LITR.FE.ZS,,,,,,,,,,,,,,,,,,,,,73.96853638,,,,,,,,,,83.02684784,,,,,,,,,,88.64518,,,,,,,,,,93.77481,94.0684,94.35959,94.64199,94.91132,95.19065,95.44789,95.68953,95.91941,
Solomon Islands,SLB,"Literacy rate, adult female (% of females ages 15 and above)",SE.ADT.LITR.FE.ZS,,,,,,,,,,,,,,,,,,,,,,,,,,,,,,,,,,,,,,,,69,,,,,,,,,,69,,,,,,,,,,
Sierra Leone,SLE,"Literacy rate, adult female (% of females ages 15 and above)",SE.ADT.LITR.FE.ZS,,,,,,,,,,,,,,,,,,,,,,,,,,,,,,,,,,,,,,,,,,,,,24.15893,,,,,,,,,24.85668,,,,,34.85203,
El Salvador,SLV,"Literacy rate, adult female (% of females ages 15 and above)",SE.ADT.LITR.FE.ZS,,,,,,,,,,,,,,,,,,,,,,,,,,,,,,,,,71.28053284,,,,,,,,,,,,,,81.00382,79.66213,81.3595,81.81795,82.30802,83.01564,,84.67035,,86.2171,86.32642,86.67364,,
San Marino,SMR,"Literacy rate, adult female (% of females ages 15 and above)",SE.ADT.LITR.FE.ZS,,,,,,,,,,,,,,,,,,,,,,,,,,,,,,,,,,,,,,,,,,,,,,,,,,,,,,,,,,,99.90191,
Somalia,SOM,"Literacy rate, adult female (% of females ages 15 and above)",SE.ADT.LITR.FE.ZS,,,,,,,,,,,,,3.687170029,,,,,,,,,,,,,,,,,,,,,,,,,,,,,,,,,,,,,,,,,,,,,,,
Serbia,SRB,"Literacy rate, adult female (% of females ages 15 and above)",SE.ADT.LITR.FE.ZS,,,,,,,,,,,,,,,,,,,,,,,,,,,,,,,,,,,,,,,,,,,,,,,,,,,,96.74911,,,,,98.22828,,97.54816,
Sub-Saharan Africa (excluding high income),SSA,"Literacy rate, adult female (% of females ages 15 and above)",SE.ADT.LITR.FE.ZS,,,,,,,,,,,,,,,,,,,,,,,,,,38.98630142,39.36429977,40.06740952,40.71886063,41.23321152,41.99747086,42.77272034,43.01649094,43.72671127,44.63323975,45.15414047,46.05076981,47.15784073,47.87789917,48.79861069,47.39992905,48.44419861,48.49977112,49.27471924,50.85039902,50.0945015,49.14810181,49.64255905,49.45859909,50.51829147,51.03948,53.07256,54.49346,54.91917,55.76808,56.62408,57.60571,58.09339,58.7967,
South Sudan,SSD,"Literacy rate, adult female (% of females ages 15 and above)",SE.ADT.LITR.FE.ZS,,,,,,,,,,,,,,,,,,,,,,,,,,,,,,,,,,,,,,,,,,,,,,,,,19.18638,,,,,,,,,,28.86426,
Sub-Saharan Africa,SSF,"Literacy rate, adult female (% of females ages 15 and above)",SE.ADT.LITR.FE.ZS,,,,,,,,,,,,,,,,,,,,,,,,,,38.99372101,39.37176132,40.07482147,40.72629166,41.24065018,42.004879,42.78010178,43.02384949,43.73403931,44.64041138,45.16133881,46.05783081,47.16471863,47.88467026,48.80522919,47.40684128,48.45106125,48.50666046,49.28162003,50.85707855,50.10129929,49.15493011,49.64916992,49.46506119,50.52444839,51.04543,53.07815,54.49878,54.92437,55.77309,56.6289,57.61033,58.09787,58.80101,
Small states,SST,"Literacy rate, adult female (% of females ages 15 and above)",SE.ADT.LITR.FE.ZS,,,,,,,,,,,,,,,,,,,,,,,,,,,73.87792206,74.30786896,75.07360077,75.59243011,75.99318695,76.30106354,76.60761261,77.05355072,77.14505005,77.49005127,78.00588226,78.48706055,79.09171295,79.48171234,79.70201111,80.15956116,80.84844208,81.47516632,81.87909698,82.25924683,82.11338806,81.66174316,82.51593781,81.99848175,82.15936,82.69034,82.95198,83.13483,83.5122,84.16215,84.13873,84.27758,84.50717,
Sao Tome and Principe,STP,"Literacy rate, adult female (% of females ages 15 and above)",SE.ADT.LITR.FE.ZS,,,,,,,,,,,,,,,,,,,,,,42.36338043,,,,,,,,,,61.92047882,,,,,,,,,,77.94923,,,,,,,60.08303,,,,85.4417,,,,,,89.51573,
Suriname,SUR,"Literacy rate, adult female (% of females ages 15 and above)",SE.ADT.LITR.FE.ZS,,,,,,,,,,,,,,,,,,,,,,,,,,,,,,,,,,,,,,,,,,,,,87.19744,,,,93.76537,,94.00354,,90.99791,,,,,,92.71206,
Slovak Republic,SVK,"Literacy rate, adult female (% of females ages 15 and above)",SE.ADT.LITR.FE.ZS,,,,,,,,,,,,,,,,,,,,,,,,,,,,,,,,,,,,,,,,,,,,,,,,,,,,,,,,,,,,
Slovenia,SVN,"Literacy rate, adult female (% of females ages 15 and above)",SE.ADT.LITR.FE.ZS,,,,,,,,,,,,,,,,,,,,,,,,,,,,,,,,99.45375061,,,,,,,,,,,,,99.6,,,,,,,,,,99.6,,,,,
Sweden,SWE,"Literacy rate, adult female (% of females ages 15 and above)",SE.ADT.LITR.FE.ZS,,,,,,,,,,,,,,,,,,,,,,,,,,,,,,,,,,,,,,,,,,,,,,,,,,,,,,,,,,,,
Eswatini,SWZ,"Literacy rate, adult female (% of females ages 15 and above)",SE.ADT.LITR.FE.ZS,,,,,,,,,,,,,,,,,53.6659584,,,,,,,,,,65.2228775,,,,,,,,,,,,,,80.32875,,,,,,,,,,82.44755,,,,,,,,88.54269,
Sint Maarten (Dutch part),SXM,"Literacy rate, adult female (% of females ages 15 and above)",SE.ADT.LITR.FE.ZS,,,,,,,,,,,,,,,,,,,,,,,,,,,,,,,,,,,,,,,,,,,,,,,,,,,,,,,,,,,,
Seychelles,SYC,"Literacy rate, adult female (% of females ages 15 and above)",SE.ADT.LITR.FE.ZS,,,,,,,,,,,,,,,,,,,,,,,,,,,,85.48930359,,,,,,,88.58660126,,,,,,,,92.25898,,,,,,,,94.44898,,,,,,,,96.3502,
Syrian Arab Republic,SYR,"Literacy rate, adult female (% of females ages 15 and above)",SE.ADT.LITR.FE.ZS,,,,,,,,,,,,,,,,,,,,,,37.05915833,,,,,,,,,,,,,,,,,,,,,74.24044,,73.62656,,,,,,,,,,,,,,,
Turks and Caicos Islands,TCA,"Literacy rate, adult female (% of females ages 15 and above)",SE.ADT.LITR.FE.ZS,,,,,,,,,,,,,,,,,,,,,,,,,,,,,,,,,,,,,,,,,,,,,,,,,,,,,,,,,,,,
Chad,TCD,"Literacy rate, adult female (% of females ages 15 and above)",SE.ADT.LITR.FE.ZS,,,,,,,,,,,,,,,,,,,,,,,,,,,,,,,,,,4.591829777,,,,,,,12.79642,,,,17.98058,,,,,,,,,,,13.93341,13.95523,,,
East Asia & Pacific (IDA & IBRD countries),TEA,"Literacy rate, adult female (% of females ages 15 and above)",SE.ADT.LITR.FE.ZS,,,,,,,,,,,,,,,,,49.49674988,49.72481918,51.17282104,52.7218895,53.48427963,55.65296173,56.82254028,58.56991959,59.99010086,61.34542847,62.5608902,64.07823944,69.99848175,70.99552155,71.10128021,72.6367569,73.37561035,74.09136963,74.85703278,75.61422729,76.3658905,84.57280731,85.11585999,85.60605621,86.28337097,86.68765259,87.24320984,87.81890869,88.54865265,89.05341339,89.64816284,91.22254181,91.58885956,92.06572723,92.25185,92.12622,92.43222,92.57102,93.18206,93.42771,93.60308,93.89924,94.11664,
Europe & Central Asia (IDA & IBRD countries),TEC,"Literacy rate, adult female (% of females ages 15 and above)",SE.ADT.LITR.FE.ZS,,,,,,,,,,,,,,,,,,,,,,,,91.52555084,92.50637054,92.78045654,92.97090912,93.2094574,93.4071579,93.55626678,93.79898834,93.92758179,94.09406281,94.26053619,94.42677307,94.59636688,94.84719849,95.00816345,95.49134827,95.58963776,95.60349274,95.70327759,95.82025146,95.92233276,96.1151886,96.34281921,96.30364227,96.44216919,96.49049377,97.25611877,97.64685,97.9796,98.15653,98.22636,98.2668,98.30638,98.46863,98.43509,98.50061,
Togo,TGO,"Literacy rate, adult female (% of females ages 15 and above)",SE.ADT.LITR.FE.ZS,,,,,,,,,,,,,,,,,,,,,,,,,,,,,,,,,,,,,,,,,38.45329,,,,,,44.37663,,,43.6069,,47.97739,,,,51.24178,,,,
Thailand,THA,"Literacy rate, adult female (% of females ages 15 and above)",SE.ADT.LITR.FE.ZS,,,,,,,,,,,,,,,,,,,,,83.89334869,,,,,,,,,,,,,,,,,,,,90.51602,,,,,91.52957,,,,,96.42705,,,92.24916,,91.19193,,,,
Tajikistan,TJK,"Literacy rate, adult female (% of females ages 15 and above)",SE.ADT.LITR.FE.ZS,,,,,,,,,,,,,,,,,,,,,,,,,,,,,,96.64179993,,,,,,,,,,,99.22123,,,,,,,,,,,,,,99.7,,,,,
Turkmenistan,TKM,"Literacy rate, adult female (% of females ages 15 and above)",SE.ADT.LITR.FE.ZS,,,,,,,,,,,,,,,,,,,,,,,,,,,,,,,,,,,,98.26177216,,,,,,,,,,,,,,,,,,,99.6,,,,,
Latin America & the Caribbean (IDA & IBRD countries),TLA,"Literacy rate, adult female (% of females ages 15 and above)",SE.ADT.LITR.FE.ZS,,,,,,,,,,,,,,,74.93572998,74.95800018,75.43080902,75.97325897,76.56339264,77.10839844,77.73410034,78.16383362,78.67891693,79.19947052,79.70897675,80.20404053,80.68611145,80.96734619,81.59515381,82.17343903,82.69303894,83.28780365,83.97354889,84.66873932,85.2519989,85.89370728,86.29367065,86.60780334,87.17690277,87.54496002,87.87745667,87.90435791,88.09417725,88.92643738,88.93785858,89.47753143,89.35285187,90.09642792,90.38305664,90.76725769,90.90252,91.44877,91.78015,91.85492,92.34077,92.50708,92.98054,93.12084,93.32517,
Timor-Leste,TLS,"Literacy rate, adult female (% of females ages 15 and above)",SE.ADT.LITR.FE.ZS,,,,,,,,,,,,,,,,,,,,,,,,,,,,,,,,,,,,,,,,,,30,,,,,,42.5,,,52.959,,,,,,,,64.21094,
Middle East & North Africa (IDA & IBRD countries),TMN,"Literacy rate, adult female (% of females ages 15 and above)",SE.ADT.LITR.FE.ZS,,,,,,,,,,,,,24.27647018,24.76890945,25.2809906,25.84692001,26.64562988,27.10976028,27.90582085,28.74924088,29.66772079,30.58987999,31.58530045,32.78538132,34.00941849,35.1547699,36.50976181,37.56531143,38.84096909,40.09516144,43.06879044,44.60746002,45.83113861,46.41902161,47.7772789,49.79486084,51.64398956,52.72993851,54.15855026,55.55284119,56.88328171,58.23543167,58.61381149,61.95230865,63.21162033,,63.90184021,64.26905823,65.16423035,65.16108704,66.28048,66.55302,67.2117,67.71737,68.31226,69.24832,67.624,69.08206,69.12166,
Tonga,TON,"Literacy rate, adult female (% of females ages 15 and above)",SE.ADT.LITR.FE.ZS,,,,,,,,,,,,,,,,,99.52552795,,,,,,,,,,,,,,,,,,,,98.97554779,,,,,,,,,,99.08251,,,,,99.43422,,,,,,,99.47503,
South Asia (IDA & IBRD),TSA,"Literacy rate, adult female (% of females ages 15 and above)",SE.ADT.LITR.FE.ZS,,,,,,,,,,,,,,,,21.36746025,21.37083054,22.10637093,22.85940933,23.62182045,24.36651993,24.6000309,25.85770988,26.65077019,27.45549965,28.27338028,29.10223961,29.94416046,29.93433952,30.8582592,31.76864052,32.43296051,33.55332947,34.46977997,35.39984131,36.35480881,37.33181,38.31713104,42.89321899,43.90235901,44.93043137,45.71406174,46.96604156,47.83428955,48.86325836,48.05305099,49.33618164,50.01491928,51.68540955,52.70362854,55.7265,56.84257,57.46891,58.45438,59.46374,60.55537,62.13805,63.05277,63.72935,
Sub-Saharan Africa (IDA & IBRD countries),TSS,"Literacy rate, adult female (% of females ages 15 and above)",SE.ADT.LITR.FE.ZS,,,,,,,,,,,,,,,,,,,,,,,,,,38.99372101,39.37176132,40.07482147,40.72629166,41.24065018,42.004879,42.78010178,43.02384949,43.73403931,44.64041138,45.16133881,46.05783081,47.16471863,47.88467026,48.80522919,47.40684128,48.45106125,48.50666046,49.28162003,50.85707855,50.10129929,49.15493011,49.64916992,49.46506119,50.52444839,51.04543,53.07815,54.49878,54.92437,55.77309,56.6289,57.61033,58.09787,58.80101,
Trinidad and Tobago,TTO,"Literacy rate, adult female (% of females ages 15 and above)",SE.ADT.LITR.FE.ZS,,,,,,,,,,,,,,,,,,,,,93.46417236,,,,,,,,,,95.66178894,,,,,,,,,,97.1,,,,,,,,,,98.3,,,,,,,,,
Tunisia,TUN,"Literacy rate, adult female (% of females ages 15 and above)",SE.ADT.LITR.FE.ZS,,,,,,,,,,,,,,,,,,,,,,,,,35.7675705,,,,,,,,,,,,,,,,,,,,65.34786,,,68.50938,70.96418,,71.08821,71.7296,72.16065,,72.22377,,,,,
Turkey,TUR,"Literacy rate, adult female (% of females ages 15 and above)",SE.ADT.LITR.FE.ZS,,,,,,,,,,,,,,,,45.09891891,,,,,49.80641174,,,,,64.23171997,,,,,68.51966095,,,,,,,,,,,,,,79.58169,80.54895,80.38516,81.26383,,85.34716,88.07317,90.3101,91.60452,92.13808,92.40182,92.64581,93.56301,93.49827,,
Tuvalu,TUV,"Literacy rate, adult female (% of females ages 15 and above)",SE.ADT.LITR.FE.ZS,,,,,,,,,,,,,,,,,,,,,,,,,,,,,,,,,,,,,,,,,,,,,,,,,,,,,,,,,,,,
Tanzania,TZA,"Literacy rate, adult female (% of females ages 15 and above)",SE.ADT.LITR.FE.ZS,,,,,,,,,,,,,,,,,,,,,,,,,,,,,48.08802032,,,,,,,,,,,,,,62.17232,,,,,,,,60.75262,,73.34718,,,73.09383,,,,
Uganda,UGA,"Literacy rate, adult female (% of females ages 15 and above)",SE.ADT.LITR.FE.ZS,,,,,,,,,,,,,,,,,,,,,,,,,,,,,,,,44.82669067,,,,,,,,,,,58.90988,,,,62.07897,,,,64.59145,,61.97043,,,,,,70.83806,
Ukraine,UKR,"Literacy rate, adult female (% of females ages 15 and above)",SE.ADT.LITR.FE.ZS,,,,,,,,,,,,,,,,,,,,,,,,,,,,,,,,,,,,,,,,,,99.17157,,,,,,,,,,,99.9582,,,,,,,
Upper middle income,UMC,"Literacy rate, adult female (% of females ages 15 and above)",SE.ADT.LITR.FE.ZS,,,,,,,,,,,,,,,,,56.70998001,56.91822815,58.08945084,59.21915817,60.46012115,61.61365128,62.56056976,64.02245331,65.38533783,66.52735901,67.626297,68.63804626,73.36512756,74.18682861,74.54322815,75.75330353,76.39965057,77.04177094,77.64555359,78.32781219,78.97502136,85.46343231,86.0184021,86.48233795,87.03926849,87.34796906,87.67386627,88.36036682,88.95202637,89.40361786,89.66499329,91.01338196,91.34036255,91.81551361,91.97018,92.38267,92.59496,92.67691,92.97606,93.21061,93.42464,93.52216,93.74047,
Uruguay,URY,"Literacy rate, adult female (% of females ages 15 and above)",SE.ADT.LITR.FE.ZS,,,,,,,,,,,,,,,,94.30451965,,,,,,,,,,95.88153839,,,,,,,,,,,97.27095795,,,,,,,,,,98.08436,98.24193,98.46366,98.53372,98.49095,98.61908,98.66055,98.63643,98.80905,98.86746,98.85032,98.96391,99.00774,
United States,USA,"Literacy rate, adult female (% of females ages 15 and above)",SE.ADT.LITR.FE.ZS,,,,,,,,,,,,,,,,,,,,,,,,,,,,,,,,,,,,,,,,,,,,,,,,,,,,,,,,,,,,
Uzbekistan,UZB,"Literacy rate, adult female (% of females ages 15 and above)",SE.ADT.LITR.FE.ZS,,,,,,,,,,,,,,,,,,,,,,,,,,,,,,,,,,,,,,,,,98.13858,,,,,,,,,,,,,99.99587,99.97599,99.97577,99.97841,,,
St. Vincent and the Grenadines,VCT,"Literacy rate, adult female (% of females ages 15 and above)",SE.ADT.LITR.FE.ZS,,,,,,,,,,,95.5,,,,,,,,,,,,,,,,,,,,,,,,,,,,,,,,,,,,,,,,,,,,,,,,,
"Venezuela, RB",VEN,"Literacy rate, adult female (% of females ages 15 and above)",SE.ADT.LITR.FE.ZS,,,,,,,,,,,,,,,,,,,,,,83.00466156,,,,,,,,,89.00485229,,,,,,,,,,,92.71598,,,,,,94.92964,,95.3504,,95.02888,,,,96.56007,97.21371,,,
British Virgin Islands,VGB,"Literacy rate, adult female (% of females ages 15 and above)",SE.ADT.LITR.FE.ZS,,,,,,,,,,,,,,,,,,,,,,,,,,,,,,,,,,,,,,,,,,,,,,,,,,,,,,,,,,,,
Virgin Islands (U.S.),VIR,"Literacy rate, adult female (% of females ages 15 and above)",SE.ADT.LITR.FE.ZS,,,,,,,,,,,,,,,,,,,,,,,,,,,,,,,,,,,,,,,,,,,,,,,,,,,,,,,,,,,,
Vietnam,VNM,"Literacy rate, adult female (% of females ages 15 and above)",SE.ADT.LITR.FE.ZS,,,,,,,,,,,,,,,,,,,,78.14038849,,,,,,,,,,82.82939148,,,,,,,,,,86.92008209,86.61011,,,,,,,,,91.37909,,,,,,,,,93.59671,
Vanuatu,VUT,"Literacy rate, adult female (% of females ages 15 and above)",SE.ADT.LITR.FE.ZS,,,,,,,,,,,,,,,,,,,,47.78258896,,,,,53.70000076,,,,,,,,,,65.59999847,,,,,,,,,,76.2,,,,,,,,,,83.2,,,,86.70609,
World,WLD,"Literacy rate, adult female (% of females ages 15 and above)",SE.ADT.LITR.FE.ZS,,,,,,,,,,,,,,,,,56.01733017,56.37150955,57.126091,57.89400864,58.42335129,59.33203125,60.08546066,60.95355988,61.81071091,62.57751846,63.29851151,64.14015961,66.3376236,67.02944183,67.51558685,68.20880127,68.65399933,69.10820007,69.61666107,70.12246704,70.6664505,73.50122833,74.69355774,75.14488983,75.44573975,75.79472351,76.22097015,76.81183624,77.39936829,,77.6100235,78.26463318,78.7321167,79.15927887,79.88338,80.33707,80.69679,80.93847,81.44753,81.81769,82.20632,82.53837,82.76805,
Samoa,WSM,"Literacy rate, adult female (% of females ages 15 and above)",SE.ADT.LITR.FE.ZS,,,,,,,,,,,,,,,,,,,,,,,,,,,,,,,,97.42173767,,,,,,,,,,,,,,,,,,,,99.06953,,,,,,,99.24504,
Kosovo,XKX,"Literacy rate, adult female (% of females ages 15 and above)",SE.ADT.LITR.FE.ZS,,,,,,,,,,,,,,,,,,,,,,,,,,,,,,,,,,,,,,,,,,,,,,,,,,,,,,,,,,,,
"Yemen, Rep.",YEM,"Literacy rate, adult female (% of females ages 15 and above)",SE.ADT.LITR.FE.ZS,,,,,,,,,,,,,,,,,,,,,,,,,,,,,,,,,,,17.05956078,,,,,,,,,,35,,,,,,,,,,,,,,,
South Africa,ZAF,"Literacy rate, adult female (% of females ages 15 and above)",SE.ADT.LITR.FE.ZS,,,,,,,,,,,,,,,,,,,,,74.80718994,,,,,,,,,,,,,,,,80.92862701,,,,,,,,,,,87.0431,,91.76816,91.71399,92.04789,92.58625,,93.07306,93.40803,,86.45863,,
Zambia,ZMB,"Literacy rate, adult female (% of females ages 15 and above)",SE.ADT.LITR.FE.ZS,,,,,,,,,,,,,,,,,,,,,,,,,,,,,,,57.35771942,,,,,,,,,59.80284882,,,61.83928,,,,,51.78697,,,77.74664,,,,,,,,83.08344,
Zimbabwe,ZWE,"Literacy rate, adult female (% of females ages 15 and above)",SE.ADT.LITR.FE.ZS,,,,,,,,,,,,,,,,,,,,,,,71.85392761,,,,,,,,,,78.51702118,,,,,,,,,,,,,,,,,,,80.06566,,,88.28383,,,,,
